{
  "startTime": 1743674255820,
  "earnings": {
    "total": 132625064.87533225,
    "pending": 1466.31898425,
    "paid": 0
  },
  "referralBonus": 0,
  "session": 19416,
  "pausedDuration": 0
}