{
  "startTime": 1743674255826,
  "earnings": {
    "total": 15590563.767427584,
    "pending": 1.62597555,
    "paid": 0
  },
  "referralBonus": 0,
  "session": 920547,
  "pausedDuration": 0
}