{
  "startTime": 1743674255826,
  "earnings": {
    "total": 5836209244.767427,
    "pending": 1466.31684005,
    "paid": 0
  },
  "referralBonus": 0,
  "session": 920547,
  "pausedDuration": 0
}