{
  "startTime": 1743674255820,
  "earnings": {
    "total": 9954776.875332247,
    "pending": 1.624005,
    "paid": 0
  },
  "referralBonus": 0,
  "session": 19416,
  "pausedDuration": 0
}